first name|middle name|last name|nickname|email|password|home address|date of birth
Andy|Percy|Elliot|Ando|123andyelliot@gmail.com|password123|4,Rountree Street,Ashburton,Christchurch,New Zealand,Canterbury,8041|2006-01-01
Henry|Andy|Bryson|Harry|harry@gmail.com|good7password|4,Rountree Street,Ashburton,Christchurch,New Zealand,Canterbury,8041|2003-02-02
Kirsty|Andy|Williams|Big K|catsarecool@gmail.com|bigg3stcatlov3r|4,Rountree Street,Ashburton,Christchurch,New Zealand,Canterbury,8041|2002-03-03
Mildred|Rachel|Mcdonald|Millie|mildred.mcdonald@gmail.com|mildredmcdonald123|4,Rountree Street,Ashburton,Christchurch,New Zealand,Canterbury,8041|2000-01-01
Carl|Karl|Defoe|Andy|carl@gmail.com|carl1234|4,Rountree Street,Ashburton,Christchurch,New Zealand,Canterbury,8041|2000-01-01
Edith|Petra|Andy|Eddy|andy.robinson@gmail.com|edithrobinson123|4,Rountree Street,Ashburton,Christchurch,New Zealand,Canterbury,8041|2000-01-01
Donna|Andy|Frank|Nana|donna-frank@gmail.com|francesfrank123|4,Rountree Street,Ashburton,Christchurch,New Zealand,Canterbury,8041|2000-01-01
Andy|Peter|Graham|Jerry|andy.graham@gmail.com|georgegraham123|4,Rountree Street,Ashburton,Christchurch,New Zealand,Canterbury,8041|2000-01-01